{
    "best": {
        "length": 283,
        "kills": 26,
        "totals": {
            "kills": 39,
            "length": 2025,
            "deaths": 126
        },
        "ratios": {
            "kd": 2.7142857142857144,
            "ld": 59.4
        }
    },
    "total": {
        "length": 9533,
        "kills": 136,
        "deaths": 684,
        "ratios": {
            "kd": 0.19883040935672514,
            "ld": 13.937134502923977
        }
    }
}